County Name,COL Score
"Aleutians West Census Area County, Alaska",139
"Bethel Census Area County, Alaska",137
"Skagway Municipality County, Alaska",126
"Sitka City and Borough County, Alaska",124
"Anchorage Municipality County, Alaska",124
"Dillingham Census Area County, Alaska",122
"Juneau City and Borough County, Alaska",120
"Matanuska-Susitna Borough County, Alaska",120
"Haines Borough County, Alaska",119
"Valdez-Cordova Census Area County, Alaska",119
"Denali Borough County, Alaska",117
"Northwest Arctic Borough County, Alaska",116
"North Slope Borough County, Alaska",115
"Nome Census Area County, Alaska",115
"Bristol Bay Borough County, Alaska",115
"Kodiak Island Borough County, Alaska",113
"Ketchikan Gateway Borough County, Alaska",113
"Hoonah-Angoon Census Area County, Alaska",110
"Fairbanks North Star Borough County, Alaska",110
"Southeast Fairbanks Census Area County, Alaska",109
"Petersburg Census Area County, Alaska",108
"Kenai Peninsula Borough County, Alaska",107
"Yakutat City and Borough County, Alaska",107
"Prince of Wales-Hyder Census Area County, Alaska",106
"Aleutians East Borough County, Alaska",105
"Wrangell City and Borough County, Alaska",104
"Wade Hampton Census Area County, Alaska",102
"Yukon-Koyukuk Census Area County, Alaska",97
"Lake and Peninsula Borough County, Alaska",94
"Shelby County, Alabama",99
"Baldwin County, Alabama",93
"Lee County, Alabama",93
"St. Clair County, Alabama",91
"Elmore County, Alabama",89
"Madison County, Alabama",89
"Blount County, Alabama",89
"Tuscaloosa County, Alabama",89
"Autauga County, Alabama",88
"Limestone County, Alabama",86
"Chilton County, Alabama",85
"Morgan County, Alabama",85
"Jefferson County, Alabama",83
"Mobile County, Alabama",83
"Bibb County, Alabama",82
"Lauderdale County, Alabama",81
"Houston County, Alabama",81
"Cullman County, Alabama",81
"Tallapoosa County, Alabama",80
"Pike County, Alabama",80
"Cleburne County, Alabama",80
"Calhoun County, Alabama",80
"Pickens County, Alabama",79
"Walker County, Alabama",79
"Cherokee County, Alabama",79
"Etowah County, Alabama",79
"Henry County, Alabama",78
"Washington County, Alabama",78
"Marshall County, Alabama",78
"Hale County, Alabama",78
"Coffee County, Alabama",78
"Colbert County, Alabama",78
"Russell County, Alabama",77
"Montgomery County, Alabama",77
"Jackson County, Alabama",77
"Lawrence County, Alabama",77
"Fayette County, Alabama",77
"Talladega County, Alabama",76
"Coosa County, Alabama",76
"Covington County, Alabama",76
"Clay County, Alabama",76
"Dale County, Alabama",76
"Clarke County, Alabama",76
"Lowndes County, Alabama",76
"Winston County, Alabama",76
"Greene County, Alabama",75
"Franklin County, Alabama",75
"Marengo County, Alabama",75
"Choctaw County, Alabama",75
"Geneva County, Alabama",75
"DeKalb County, Alabama",75
"Randolph County, Alabama",75
"Crenshaw County, Alabama",75
"Escambia County, Alabama",75
"Butler County, Alabama",74
"Lamar County, Alabama",74
"Marion County, Alabama",74
"Conecuh County, Alabama",74
"Barbour County, Alabama",74
"Monroe County, Alabama",74
"Wilcox County, Alabama",74
"Bullock County, Alabama",73
"Dallas County, Alabama",73
"Macon County, Alabama",73
"Sumter County, Alabama",73
"Perry County, Alabama",72
"Chambers County, Alabama",71
"Washington County, Arkansas",90
"Benton County, Arkansas",89
"Saline County, Arkansas",86
"Perry County, Arkansas",86
"Lonoke County, Arkansas",84
"Grant County, Arkansas",83
"Garland County, Arkansas",83
"Faulkner County, Arkansas",82
"Pulaski County, Arkansas",82
"Madison County, Arkansas",82
"Cleburne County, Arkansas",80
"Craighead County, Arkansas",79
"Carroll County, Arkansas",79
"Crawford County, Arkansas",78
"Montgomery County, Arkansas",77
"Baxter County, Arkansas",77
"Sebastian County, Arkansas",77
"Cleveland County, Arkansas",77
"Marion County, Arkansas",77
"Stone County, Arkansas",77
"White County, Arkansas",76
"Crittenden County, Arkansas",76
"Conway County, Arkansas",76
"Newton County, Arkansas",76
"Miller County, Arkansas",75
"Searcy County, Arkansas",75
"Boone County, Arkansas",75
"Pope County, Arkansas",75
"Logan County, Arkansas",75
"Yell County, Arkansas",74
"Randolph County, Arkansas",74
"Greene County, Arkansas",74
"Van Buren County, Arkansas",74
"Hot Spring County, Arkansas",74
"Fulton County, Arkansas",74
"Franklin County, Arkansas",74
"Little River County, Arkansas",74
"Pike County, Arkansas",74
"Poinsett County, Arkansas",74
"Clark County, Arkansas",74
"Howard County, Arkansas",74
"Sharp County, Arkansas",73
"Jefferson County, Arkansas",73
"Drew County, Arkansas",73
"Independence County, Arkansas",73
"Polk County, Arkansas",73
"Lawrence County, Arkansas",73
"Johnson County, Arkansas",72
"Cross County, Arkansas",72
"Calhoun County, Arkansas",72
"Sevier County, Arkansas",72
"Lafayette County, Arkansas",72
"Nevada County, Arkansas",71
"Izard County, Arkansas",71
"Clay County, Arkansas",71
"Bradley County, Arkansas",71
"Lincoln County, Arkansas",71
"Union County, Arkansas",71
"Prairie County, Arkansas",71
"Mississippi County, Arkansas",71
"Ouachita County, Arkansas",70
"Hempstead County, Arkansas",70
"Arkansas County, Arkansas",70
"Columbia County, Arkansas",70
"Scott County, Arkansas",70
"Ashley County, Arkansas",69
"Chicot County, Arkansas",69
"Dallas County, Arkansas",69
"Lee County, Arkansas",69
"Phillips County, Arkansas",68
"Woodruff County, Arkansas",68
"Monroe County, Arkansas",68
"St. Francis County, Arkansas",68
"Jackson County, Arkansas",67
"Desha County, Arkansas",67
"Coconino County, Arizona",115
"Yavapai County, Arizona",110
"Maricopa County, Arizona",108
"Pinal County, Arizona",98
"Mohave County, Arizona",95
"Pima County, Arizona",95
"Gila County, Arizona",92
"Navajo County, Arizona",91
"Yuma County, Arizona",88
"Apache County, Arizona",86
"Cochise County, Arizona",85
"Graham County, Arizona",85
"Santa Cruz County, Arizona",82
"Greenlee County, Arizona",77
"La Paz County, Arizona",76
"San Francisco County, California",267
"San Mateo County, California",261
"Santa Clara County, California",242
"Marin County, California",230
"Alameda County, California",193
"Santa Cruz County, California",185
"Orange County, California",168
"Los Angeles County, California",165
"Napa County, California",164
"Contra Costa County, California",163
"Sonoma County, California",158
"San Benito County, California",158
"San Diego County, California",154
"Ventura County, California",154
"San Luis Obispo County, California",151
"Monterey County, California",149
"Santa Barbara County, California",149
"El Dorado County, California",142
"Placer County, California",140
"Solano County, California",135
"Nevada County, California",133
"Mono County, California",131
"Yolo County, California",130
"Alpine County, California",130
"Riverside County, California",129
"Sacramento County, California",124
"San Joaquin County, California",123
"San Bernardino County, California",118
"Mendocino County, California",117
"Tuolumne County, California",117
"Inyo County, California",117
"Stanislaus County, California",115
"Calaveras County, California",115
"Amador County, California",114
"Butte County, California",111
"Sutter County, California",111
"Yuba County, California",110
"Merced County, California",108
"Humboldt County, California",108
"Plumas County, California",106
"Lake County, California",106
"Shasta County, California",106
"Mariposa County, California",105
"Fresno County, California",103
"Madera County, California",102
"Colusa County, California",101
"Tehama County, California",100
"Kern County, California",99
"Glenn County, California",98
"Sierra County, California",97
"Tulare County, California",97
"Trinity County, California",95
"Kings County, California",95
"Imperial County, California",94
"Del Norte County, California",93
"Siskiyou County, California",92
"Lassen County, California",91
"Modoc County, California",88
"Pitkin County, Colorado",222
"Eagle County, Colorado",165
"San Miguel County, Colorado",162
"Summit County, Colorado",161
"Elbert County, Colorado",148
"Boulder County, Colorado",142
"Douglas County, Colorado",141
"Routt County, Colorado",136
"Broomfield County, Colorado",131
"Jefferson County, Colorado",131
"Denver County, Colorado",129
"Ouray County, Colorado",128
"Garfield County, Colorado",126
"Park County, Colorado",124
"Arapahoe County, Colorado",124
"La Plata County, Colorado",124
"Clear Creek County, Colorado",122
"Hinsdale County, Colorado",121
"Gilpin County, Colorado",120
"Gunnison County, Colorado",120
"Adams County, Colorado",119
"Larimer County, Colorado",118
"Chaffee County, Colorado",117
"Archuleta County, Colorado",116
"Mineral County, Colorado",114
"Grand County, Colorado",113
"San Juan County, Colorado",112
"Weld County, Colorado",112
"Teller County, Colorado",111
"Custer County, Colorado",109
"El Paso County, Colorado",107
"Delta County, Colorado",102
"Montezuma County, Colorado",101
"Lake County, Colorado",101
"Rio Blanco County, Colorado",101
"Montrose County, Colorado",100
"Mesa County, Colorado",98
"Jackson County, Colorado",96
"Moffat County, Colorado",96
"Fremont County, Colorado",92
"Morgan County, Colorado",91
"Saguache County, Colorado",90
"Yuma County, Colorado",89
"Huerfano County, Colorado",87
"Dolores County, Colorado",87
"Alamosa County, Colorado",87
"Pueblo County, Colorado",87
"Phillips County, Colorado",87
"Las Animas County, Colorado",87
"Washington County, Colorado",86
"Kit Carson County, Colorado",86
"Rio Grande County, Colorado",85
"Conejos County, Colorado",84
"Logan County, Colorado",84
"Lincoln County, Colorado",84
"Costilla County, Colorado",84
"Sedgwick County, Colorado",80
"Prowers County, Colorado",80
"Cheyenne County, Colorado",78
"Crowley County, Colorado",77
"Kiowa County, Colorado",77
"Baca County, Colorado",77
"Bent County, Colorado",77
"Otero County, Colorado",74
"Fairfield County, Connecticut",127
"Middlesex County, Connecticut",114
"Litchfield County, Connecticut",107
"New Haven County, Connecticut",105
"Hartford County, Connecticut",105
"New London County, Connecticut",104
"Tolland County, Connecticut",103
"Windham County, Connecticut",96
"District of Columbia County, District of Columbia",156
"Sussex County, Delaware",107
"New Castle County, Delaware",105
"Kent County, Delaware",99
"Monroe County, Florida",147
"Walton County, Florida",120
"Miami-Dade County, Florida",119
"Collier County, Florida",113
"Palm Beach County, Florida",113
"Broward County, Florida",112
"Nassau County, Florida",112
"St. Johns County, Florida",111
"Martin County, Florida",106
"Seminole County, Florida",106
"Orange County, Florida",105
"Sarasota County, Florida",104
"Lee County, Florida",103
"Manatee County, Florida",103
"Sumter County, Florida",102
"Hillsborough County, Florida",102
"Pinellas County, Florida",102
"Osceola County, Florida",101
"Franklin County, Florida",101
"Lake County, Florida",100
"Clay County, Florida",100
"Okaloosa County, Florida",99
"St. Lucie County, Florida",99
"Santa Rosa County, Florida",98
"Indian River County, Florida",98
"Flagler County, Florida",98
"Wakulla County, Florida",97
"Bay County, Florida",96
"Jefferson County, Florida",95
"Pasco County, Florida",95
"Baker County, Florida",95
"Duval County, Florida",94
"Brevard County, Florida",94
"Volusia County, Florida",94
"Leon County, Florida",94
"Hernando County, Florida",94
"Charlotte County, Florida",93
"Alachua County, Florida",92
"Polk County, Florida",90
"Gilchrist County, Florida",89
"Gulf County, Florida",89
"Escambia County, Florida",88
"Marion County, Florida",87
"Citrus County, Florida",87
"Lafayette County, Florida",85
"Columbia County, Florida",85
"Bradford County, Florida",85
"Suwannee County, Florida",84
"Hendry County, Florida",84
"Gadsden County, Florida",83
"Okeechobee County, Florida",83
"Highlands County, Florida",83
"DeSoto County, Florida",82
"Levy County, Florida",82
"Madison County, Florida",82
"Washington County, Florida",82
"Glades County, Florida",82
"Union County, Florida",81
"Calhoun County, Florida",80
"Hardee County, Florida",80
"Liberty County, Florida",80
"Putnam County, Florida",79
"Hamilton County, Florida",79
"Holmes County, Florida",79
"Jackson County, Florida",78
"Dixie County, Florida",78
"Taylor County, Florida",76
"Forsyth County, Georgia",120
"Fulton County, Georgia",113
"Greene County, Georgia",112
"Fayette County, Georgia",111
"Cherokee County, Georgia",110
"Dawson County, Georgia",110
"Cobb County, Georgia",109
"Oconee County, Georgia",107
"Coweta County, Georgia",104
"Morgan County, Georgia",103
"DeKalb County, Georgia",102
"Bryan County, Georgia",102
"Walton County, Georgia",100
"Gwinnett County, Georgia",99
"Pickens County, Georgia",99
"Paulding County, Georgia",99
"Henry County, Georgia",99
"Pike County, Georgia",98
"Harris County, Georgia",98
"Barrow County, Georgia",97
"Douglas County, Georgia",96
"Rockdale County, Georgia",96
"Carroll County, Georgia",96
"Newton County, Georgia",96
"Columbia County, Georgia",95
"Effingham County, Georgia",95
"Lumpkin County, Georgia",94
"Heard County, Georgia",94
"Jasper County, Georgia",94
"Haralson County, Georgia",94
"Gilmer County, Georgia",92
"Hall County, Georgia",92
"Putnam County, Georgia",92
"Jackson County, Georgia",92
"Monroe County, Georgia",92
"Fannin County, Georgia",91
"Towns County, Georgia",91
"Glynn County, Georgia",91
"Bartow County, Georgia",91
"Union County, Georgia",91
"White County, Georgia",90
"Clayton County, Georgia",90
"Lamar County, Georgia",90
"Chatham County, Georgia",89
"Lee County, Georgia",89
"Oglethorpe County, Georgia",89
"Rabun County, Georgia",89
"Long County, Georgia",89
"Banks County, Georgia",89
"Spalding County, Georgia",88
"Lincoln County, Georgia",88
"Butts County, Georgia",88
"Clarke County, Georgia",86
"Jones County, Georgia",86
"Catoosa County, Georgia",86
"Lowndes County, Georgia",85
"Lanier County, Georgia",85
"Camden County, Georgia",85
"Hart County, Georgia",85
"Meriwether County, Georgia",85
"Madison County, Georgia",85
"Dade County, Georgia",84
"McIntosh County, Georgia",84
"Habersham County, Georgia",84
"Brooks County, Georgia",84
"Grady County, Georgia",84
"Crawford County, Georgia",83
"Baldwin County, Georgia",83
"Liberty County, Georgia",83
"Floyd County, Georgia",83
"Franklin County, Georgia",83
"Bulloch County, Georgia",83
"Tift County, Georgia",83
"Thomas County, Georgia",82
"Houston County, Georgia",82
"Peach County, Georgia",82
"McDuffie County, Georgia",82
"Walker County, Georgia",82
"Charlton County, Georgia",81
"Richmond County, Georgia",81
"Murray County, Georgia",81
"Talbot County, Georgia",81
"Laurens County, Georgia",80
"Decatur County, Georgia",80
"Early County, Georgia",80
"Pierce County, Georgia",80
"Cook County, Georgia",80
"Berrien County, Georgia",80
"Whitfield County, Georgia",80
"Baker County, Georgia",80
"Marion County, Georgia",80
"Worth County, Georgia",80
"Terrell County, Georgia",79
"Gordon County, Georgia",79
"Pulaski County, Georgia",79
"Schley County, Georgia",79
"Seminole County, Georgia",79
"Echols County, Georgia",79
"Troup County, Georgia",79
"Stephens County, Georgia",78
"Honolulu County, Hawaii",180
"Kalawao County, Hawaii",172
"Maui County, Hawaii",162
"Kauai County, Hawaii",158
"Hawaii County, Hawaii",133
"Dallas County, Iowa",100
"Johnson County, Iowa",95
"Dickinson County, Iowa",94
"Madison County, Iowa",92
"Warren County, Iowa",92
"Mills County, Iowa",92
"Polk County, Iowa",90
"Winneshiek County, Iowa",89
"Story County, Iowa",88
"Dubuque County, Iowa",88
"Iowa County, Iowa",88
"Bremer County, Iowa",88
"Cedar County, Iowa",87
"Washington County, Iowa",87
"Scott County, Iowa",87
"Benton County, Iowa",87
"Jones County, Iowa",86
"Pottawattamie County, Iowa",86
"Delaware County, Iowa",86
"Boone County, Iowa",85
"Guthrie County, Iowa",85
"Harrison County, Iowa",85
"Sioux County, Iowa",85
"Plymouth County, Iowa",85
"Linn County, Iowa",85
"Grundy County, Iowa",84
"Jackson County, Iowa",84
"Poweshiek County, Iowa",84
"Marion County, Iowa",84
"Allamakee County, Iowa",84
"Jasper County, Iowa",82
"Muscatine County, Iowa",82
"Clayton County, Iowa",82
"Carroll County, Iowa",82
"Buchanan County, Iowa",82
"Davis County, Iowa",81
"Clarke County, Iowa",81
"Shelby County, Iowa",81
"Butler County, Iowa",81
"Lyon County, Iowa",81
"Fremont County, Iowa",81
"Louisa County, Iowa",81
"Tama County, Iowa",80
"Black Hawk County, Iowa",80
"Clay County, Iowa",80
"Clinton County, Iowa",80
"Jefferson County, Iowa",80
"Mitchell County, Iowa",79
"Adair County, Iowa",79
"Chickasaw County, Iowa",79
"Howard County, Iowa",79
"Mahaska County, Iowa",79
"Monroe County, Iowa",79
"Henry County, Iowa",79
"Woodbury County, Iowa",79
"Kossuth County, Iowa",78
"Hamilton County, Iowa",78
"Worth County, Iowa",78
"Cass County, Iowa",78
"Cerro Gordo County, Iowa",78
"Union County, Iowa",78
"Hancock County, Iowa",78
"Hardin County, Iowa",78
"Marshall County, Iowa",77
"Keokuk County, Iowa",77
"Buena Vista County, Iowa",77
"Floyd County, Iowa",77
"O'Brien County, Iowa",77
"Humboldt County, Iowa",77
"Van Buren County, Iowa",77
"Greene County, Iowa",77
"Lucas County, Iowa",77
"Winnebago County, Iowa",77
"Palo Alto County, Iowa",77
"Ringgold County, Iowa",77
"Decatur County, Iowa",77
"Cherokee County, Iowa",77
"Adams County, Iowa",77
"Ida County, Iowa",76
"Emmet County, Iowa",76
"Lee County, Iowa",76
"Osceola County, Iowa",76
"Taylor County, Iowa",76
"Monona County, Iowa",76
"Fayette County, Iowa",76
"Crawford County, Iowa",76
"Sac County, Iowa",76
"Wayne County, Iowa",76
"Calhoun County, Iowa",76
"Franklin County, Iowa",76
"Audubon County, Iowa",75
"Appanoose County, Iowa",75
"Wright County, Iowa",75
"Montgomery County, Iowa",75
"Des Moines County, Iowa",75
"Wapello County, Iowa",74
"Page County, Iowa",74
"Webster County, Iowa",74
"Pocahontas County, Iowa",74
"Blaine County, Idaho",126
"Teton County, Idaho",118
"Kootenai County, Idaho",107
"Valley County, Idaho",106
"Bonner County, Idaho",105
"Ada County, Idaho",105
"Boise County, Idaho",103
"Gem County, Idaho",99
"Jefferson County, Idaho",98
"Adams County, Idaho",98
"Boundary County, Idaho",97
"Nez Perce County, Idaho",96
"Franklin County, Idaho",96
"Latah County, Idaho",95
"Camas County, Idaho",95
"Canyon County, Idaho",95
"Fremont County, Idaho",94
"Custer County, Idaho",94
"Owyhee County, Idaho",93
"Madison County, Idaho",91
"Bear Lake County, Idaho",90
"Lemhi County, Idaho",89
"Bonneville County, Idaho",89
"Bingham County, Idaho",89
"Washington County, Idaho",89
"Benewah County, Idaho",88
"Idaho County, Idaho",88
"Bannock County, Idaho",87
"Twin Falls County, Idaho",87
"Payette County, Idaho",87
"Clearwater County, Idaho",86
"Oneida County, Idaho",86
"Jerome County, Idaho",86
"Caribou County, Idaho",85
"Butte County, Idaho",85
"Gooding County, Idaho",85
"Lincoln County, Idaho",85
"Power County, Idaho",84
"Elmore County, Idaho",84
"Cassia County, Idaho",83
"Minidoka County, Idaho",82
"Lewis County, Idaho",79
"Shoshone County, Idaho",78
"Clark County, Idaho",77
"DuPage County, Illinois",114
"Kendall County, Illinois",106
"McHenry County, Illinois",105
"Cook County, Illinois",105
"Lake County, Illinois",101
"Kane County, Illinois",98
"Will County, Illinois",98
"Monroe County, Illinois",97
"Grundy County, Illinois",97
"DeKalb County, Illinois",88
"Calhoun County, Illinois",88
"Woodford County, Illinois",87
"Boone County, Illinois",86
"Menard County, Illinois",85
"Jo Daviess County, Illinois",85
"Clinton County, Illinois",84
"Madison County, Illinois",83
"McLean County, Illinois",83
"Ogle County, Illinois",83
"Piatt County, Illinois",82
"Champaign County, Illinois",82
"Henry County, Illinois",82
"Jersey County, Illinois",82
"Mercer County, Illinois",82
"Putnam County, Illinois",81
"Kankakee County, Illinois",81
"St. Clair County, Illinois",81
"Tazewell County, Illinois",81
"Marshall County, Illinois",81
"Jackson County, Illinois",80
"Effingham County, Illinois",80
"Washington County, Illinois",80
"Bond County, Illinois",80
"Lee County, Illinois",79
"Carroll County, Illinois",79
"Union County, Illinois",79
"Rock Island County, Illinois",79
"Winnebago County, Illinois",79
"Sangamon County, Illinois",79
"Pope County, Illinois",79
"Randolph County, Illinois",78
"Hamilton County, Illinois",78
"Johnson County, Illinois",78
"Jasper County, Illinois",78
"Williamson County, Illinois",78
"Macoupin County, Illinois",78
"Stark County, Illinois",77
"Moultrie County, Illinois",77
"Peoria County, Illinois",77
"Adams County, Illinois",77
"LaSalle County, Illinois",77
"Douglas County, Illinois",76
"Henderson County, Illinois",76
"Perry County, Illinois",76
"Scott County, Illinois",76
"Cumberland County, Illinois",76
"Greene County, Illinois",76
"Wayne County, Illinois",76
"Stephenson County, Illinois",75
"Shelby County, Illinois",75
"Wabash County, Illinois",75
"Ford County, Illinois",75
"Hancock County, Illinois",75
"Gallatin County, Illinois",75
"Livingston County, Illinois",75
"De Witt County, Illinois",75
"Edwards County, Illinois",75
"Schuyler County, Illinois",75
"Whiteside County, Illinois",75
"Fayette County, Illinois",74
"White County, Illinois",74
"Richland County, Illinois",74
"Fulton County, Illinois",74
"Pulaski County, Illinois",74
"Hardin County, Illinois",74
"Iroquois County, Illinois",74
"Franklin County, Illinois",74
"Alexander County, Illinois",74
"Pike County, Illinois",74
"Christian County, Illinois",74
"Crawford County, Illinois",74
"Clay County, Illinois",74
"Bureau County, Illinois",73
"Cass County, Illinois",73
"Brown County, Illinois",73
"Clark County, Illinois",73
"Mason County, Illinois",73
"Logan County, Illinois",73
"Marion County, Illinois",73
"Morgan County, Illinois",73
"Lawrence County, Illinois",72
"Macon County, Illinois",72
"Edgar County, Illinois",72
"Coles County, Illinois",72
"Massac County, Illinois",71
"Vermilion County, Illinois",71
"Jefferson County, Illinois",71
"Montgomery County, Illinois",70
"Knox County, Illinois",70
"Saline County, Illinois",70
"Hamilton County, Indiana",103
"Porter County, Indiana",99
"Boone County, Indiana",98
"Brown County, Indiana",95
"Hendricks County, Indiana",93
"Jasper County, Indiana",92
"Dearborn County, Indiana",92
"Hancock County, Indiana",91
"Johnson County, Indiana",90
"Warrick County, Indiana",88
"Morgan County, Indiana",88
"Floyd County, Indiana",88
"Monroe County, Indiana",88
"Harrison County, Indiana",87
"Ohio County, Indiana",87
"Lake County, Indiana",87
"Newton County, Indiana",86
"Franklin County, Indiana",86
"Clark County, Indiana",86
"Posey County, Indiana",84
"Putnam County, Indiana",84
"Marion County, Indiana",84
"Shelby County, Indiana",84
"Whitley County, Indiana",84
"Washington County, Indiana",83
"Tippecanoe County, Indiana",83
"LaGrange County, Indiana",82
"Bartholomew County, Indiana",82
"Kosciusko County, Indiana",82
"LaPorte County, Indiana",82
"Elkhart County, Indiana",82
"Steuben County, Indiana",82
"Carroll County, Indiana",81
"Dubois County, Indiana",81
"Allen County, Indiana",80
"Union County, Indiana",80
"Owen County, Indiana",80
"Scott County, Indiana",80
"Wells County, Indiana",79
"Vanderburgh County, Indiana",79
"Decatur County, Indiana",79
"Marshall County, Indiana",78
"Ripley County, Indiana",78
"Warren County, Indiana",78
"Clay County, Indiana",78
"Spencer County, Indiana",78
"Jackson County, Indiana",78
"Jefferson County, Indiana",78
"Jennings County, Indiana",77
"Tipton County, Indiana",77
"St. Joseph County, Indiana",77
"White County, Indiana",77
"Starke County, Indiana",77
"Noble County, Indiana",77
"Madison County, Indiana",77
"Montgomery County, Indiana",76
"Switzerland County, Indiana",76
"Rush County, Indiana",76
"Adams County, Indiana",76
"DeKalb County, Indiana",76
"Daviess County, Indiana",76
"Howard County, Indiana",75
"Gibson County, Indiana",75
"Vigo County, Indiana",75
"Benton County, Indiana",74
"Clinton County, Indiana",74
"Perry County, Indiana",74
"Sullivan County, Indiana",74
"Lawrence County, Indiana",74
"Fountain County, Indiana",74
"Crawford County, Indiana",74
"Orange County, Indiana",74
"Greene County, Indiana",74
"Fulton County, Indiana",74
"Wabash County, Indiana",73
"Parke County, Indiana",73
"Pulaski County, Indiana",73
"Delaware County, Indiana",73
"Huntington County, Indiana",73
"Henry County, Indiana",73
"Martin County, Indiana",72
"Miami County, Indiana",72
"Cass County, Indiana",71
"Pike County, Indiana",71
"Randolph County, Indiana",71
"Fayette County, Indiana",71
"Vermillion County, Indiana",71
"Wayne County, Indiana",71
"Blackford County, Indiana",70
"Grant County, Indiana",70
"Knox County, Indiana",69
"Jay County, Indiana",69
"Johnson County, Kansas",107
"Douglas County, Kansas",95
"Miami County, Kansas",95
"Leavenworth County, Kansas",91
"Pottawatomie County, Kansas",90
"Riley County, Kansas",88
"Jefferson County, Kansas",86
"Ellis County, Kansas",84
"Wabaunsee County, Kansas",84
"Sedgwick County, Kansas",84
"Butler County, Kansas",83
"Wyandotte County, Kansas",83
"Finney County, Kansas",83
"Harvey County, Kansas",83
"McPherson County, Kansas",81
"Linn County, Kansas",81
"Osage County, Kansas",81
"Shawnee County, Kansas",81
"Jackson County, Kansas",80
"Franklin County, Kansas",79
"Geary County, Kansas",79
"Thomas County, Kansas",78
"Coffey County, Kansas",78
"Gray County, Kansas",78
"Kearny County, Kansas",78
"Saline County, Kansas",77
"Kingman County, Kansas",77
"Sumner County, Kansas",77
"Ottawa County, Kansas",77
"Morris County, Kansas",77
"Grant County, Kansas",76
"Sheridan County, Kansas",76
"Scott County, Kansas",76
"Ford County, Kansas",76
"Nemaha County, Kansas",76
"Dickinson County, Kansas",76
"Doniphan County, Kansas",76
"Seward County, Kansas",75
"Stevens County, Kansas",75
"Clay County, Kansas",75
"Lyon County, Kansas",75
"Atchison County, Kansas",75
"Haskell County, Kansas",75
"Wallace County, Kansas",75
"Reno County, Kansas",74
"Rawlins County, Kansas",74
"Morton County, Kansas",74
"Cheyenne County, Kansas",74
"Trego County, Kansas",73
"Kiowa County, Kansas",73
"Marion County, Kansas",73
"Logan County, Kansas",73
"Greeley County, Kansas",73
"Anderson County, Kansas",73
"Sherman County, Kansas",73
"Wichita County, Kansas",73
"Hamilton County, Kansas",73
"Barton County, Kansas",73
"Hodgeman County, Kansas",72
"Marshall County, Kansas",72
"Ellsworth County, Kansas",72
"Brown County, Kansas",72
"Chase County, Kansas",72
"Cherokee County, Kansas",72
"Cowley County, Kansas",71
"Pratt County, Kansas",71
"Washington County, Kansas",71
"Chautauqua County, Kansas",71
"Bourbon County, Kansas",71
"Russell County, Kansas",71
"Gove County, Kansas",71
"Meade County, Kansas",71
"Harper County, Kansas",71
"Wilson County, Kansas",71
"Lane County, Kansas",71
"Cloud County, Kansas",71
"Decatur County, Kansas",71
"Crawford County, Kansas",71
"Rooks County, Kansas",71
"Mitchell County, Kansas",70
"Pawnee County, Kansas",70
"Stanton County, Kansas",70
"Allen County, Kansas",70
"Graham County, Kansas",70
"Ness County, Kansas",70
"Clark County, Kansas",70
"Elk County, Kansas",69
"Rush County, Kansas",69
"Republic County, Kansas",69
"Lincoln County, Kansas",69
"Neosho County, Kansas",69
"Woodson County, Kansas",69
"Greenwood County, Kansas",69
"Phillips County, Kansas",69
"Norton County, Kansas",69
"Rice County, Kansas",69
"Labette County, Kansas",68
"Stafford County, Kansas",68
"Barber County, Kansas",68
"Edwards County, Kansas",68
"Oldham County, Kentucky",108
"Spencer County, Kentucky",97
"Boone County, Kentucky",96
"Woodford County, Kentucky",93
"Shelby County, Kentucky",93
"Bullitt County, Kentucky",92
"Scott County, Kentucky",90
"Grant County, Kentucky",90
"Warren County, Kentucky",89
"Fayette County, Kentucky",89
"Jefferson County, Kentucky",89
"Campbell County, Kentucky",88
"Kenton County, Kentucky",88
"Pendleton County, Kentucky",87
"Henry County, Kentucky",87
"Jessamine County, Kentucky",87
"Clark County, Kentucky",86
"Gallatin County, Kentucky",86
"Bracken County, Kentucky",85
"Meade County, Kentucky",84
"Trimble County, Kentucky",84
"Nelson County, Kentucky",84
"Madison County, Kentucky",84
"Anderson County, Kentucky",83
"Harrison County, Kentucky",83
"Hardin County, Kentucky",82
"Henderson County, Kentucky",82
"Garrard County, Kentucky",82
"Bourbon County, Kentucky",82
"Daviess County, Kentucky",82
"Simpson County, Kentucky",81
"Trigg County, Kentucky",81
"Mercer County, Kentucky",81
"Boyle County, Kentucky",81
"Hancock County, Kentucky",81
"Lyon County, Kentucky",81
"McLean County, Kentucky",81
"Johnson County, Kentucky",80
"Mason County, Kentucky",80
"Owen County, Kentucky",80
"Robertson County, Kentucky",80
"Allen County, Kentucky",80
"Franklin County, Kentucky",80
"Butler County, Kentucky",80
"Larue County, Kentucky",80
"Elliott County, Kentucky",79
"Washington County, Kentucky",79
"Barren County, Kentucky",79
"Breckinridge County, Kentucky",79
"Grayson County, Kentucky",79
"Martin County, Kentucky",79
"Ballard County, Kentucky",79
"Christian County, Kentucky",79
"Logan County, Kentucky",79
"Morgan County, Kentucky",78
"McCracken County, Kentucky",78
"Hart County, Kentucky",78
"Lawrence County, Kentucky",78
"Montgomery County, Kentucky",78
"Todd County, Kentucky",78
"Edmonson County, Kentucky",78
"Nicholas County, Kentucky",78
"Magoffin County, Kentucky",78
"Rowan County, Kentucky",78
"Fleming County, Kentucky",78
"Livingston County, Kentucky",77
"Lincoln County, Kentucky",77
"Menifee County, Kentucky",77
"Carlisle County, Kentucky",77
"Lee County, Kentucky",77
"Greenup County, Kentucky",77
"Pike County, Kentucky",77
"Pulaski County, Kentucky",77
"Carter County, Kentucky",76
"Boyd County, Kentucky",76
"Ohio County, Kentucky",76
"Graves County, Kentucky",76
"Estill County, Kentucky",76
"Jackson County, Kentucky",76
"Marshall County, Kentucky",76
"Marion County, Kentucky",76
"Carroll County, Kentucky",76
"Green County, Kentucky",76
"Lewis County, Kentucky",76
"Powell County, Kentucky",76
"Crittenden County, Kentucky",76
"Calloway County, Kentucky",76
"Owsley County, Kentucky",75
"Webster County, Kentucky",75
"Casey County, Kentucky",75
"Laurel County, Kentucky",75
"Leslie County, Kentucky",75
"Adair County, Kentucky",75
"Knott County, Kentucky",75
"Hopkins County, Kentucky",75
"Russell County, Kentucky",75
"Rockcastle County, Kentucky",75
"Wolfe County, Kentucky",75
"Metcalfe County, Kentucky",75
"Floyd County, Kentucky",74
"West Feliciana County, Louisiana",105
"Plaquemines County, Louisiana",103
"Ascension County, Louisiana",99
"St. Charles County, Louisiana",97
"Orleans County, Louisiana",96
"West Baton Rouge County, Louisiana",96
"St. Tammany County, Louisiana",96
"Livingston County, Louisiana",94
"Jefferson County, Louisiana",93
"East Feliciana County, Louisiana",93
"East Baton Rouge County, Louisiana",92
"Lafayette County, Louisiana",90
"Pointe Coupee County, Louisiana",90
"St. James County, Louisiana",90
"St. Bernard County, Louisiana",89
"St. John the Baptist County, Louisiana",89
"Tangipahoa County, Louisiana",88
"Bossier County, Louisiana",87
"St. Helena County, Louisiana",87
"Terrebonne County, Louisiana",86
"Cameron County, Louisiana",85
"Lincoln County, Louisiana",84
"Lafourche County, Louisiana",84
"Calcasieu County, Louisiana",84
"Iberville County, Louisiana",84
"St. Martin County, Louisiana",84
"Rapides County, Louisiana",83
"Caddo County, Louisiana",83
"Iberia County, Louisiana",82
"Union County, Louisiana",82
"Grant County, Louisiana",82
"Ouachita County, Louisiana",81
"Natchitoches County, Louisiana",81
"Beauregard County, Louisiana",80
"Assumption County, Louisiana",80
"Acadia County, Louisiana",80
"LaSalle County, Louisiana",79
"Avoyelles County, Louisiana",78
"De Soto County, Louisiana",78
"Vermilion County, Louisiana",78
"Red River County, Louisiana",78
"St. Landry County, Louisiana",77
"Sabine County, Louisiana",77
"Vernon County, Louisiana",77
"Washington County, Louisiana",77
"Allen County, Louisiana",76
"Jefferson Davis County, Louisiana",76
"Jackson County, Louisiana",75
"Catahoula County, Louisiana",75
"Caldwell County, Louisiana",75
"St. Mary County, Louisiana",75
"Bienville County, Louisiana",74
"West Carroll County, Louisiana",74
"Morehouse County, Louisiana",74
"Richland County, Louisiana",74
"Winn County, Louisiana",73
"Evangeline County, Louisiana",73
"Webster County, Louisiana",73
"Concordia County, Louisiana",72
"Franklin County, Louisiana",71
"Claiborne County, Louisiana",71
"Tensas County, Louisiana",70
"East Carroll County, Louisiana",65
"Madison County, Louisiana",64
"Nantucket County, Massachusetts",278
"Dukes County, Massachusetts",175
"Suffolk County, Massachusetts",154
"Middlesex County, Massachusetts",146
"Norfolk County, Massachusetts",145
"Essex County, Massachusetts",130
"Plymouth County, Massachusetts",129
"Barnstable County, Massachusetts",129
"Bristol County, Massachusetts",110
"Worcester County, Massachusetts",108
"Hampshire County, Massachusetts",103
"Hampden County, Massachusetts",95
"Franklin County, Massachusetts",95
"Berkshire County, Massachusetts",94
"Montgomery County, Maryland",139
"Howard County, Maryland",135
"Calvert County, Maryland",124
"Queen Anne's County, Maryland",122
"Prince George's County, Maryland",121
"Anne Arundel County, Maryland",119
"Carroll County, Maryland",115
"Charles County, Maryland",115
"Frederick County, Maryland",113
"St. Mary's County, Maryland",111
"Harford County, Maryland",109
"Talbot County, Maryland",109
"Cecil County, Maryland",106
"Baltimore County, Maryland",106
"Worcester County, Maryland",104
"Kent County, Maryland",95
"Washington County, Maryland",95
"Caroline County, Maryland",93
"Baltimore city County, Maryland",89
"Wicomico County, Maryland",89
"Garrett County, Maryland",87
"Dorchester County, Maryland",86
"Somerset County, Maryland",81
"Allegany County, Maryland",77
"Cumberland County, Maine",109
"York County, Maine",108
"Hancock County, Maine",103
"Lincoln County, Maine",102
"Sagadahoc County, Maine",96
"Knox County, Maine",94
"Waldo County, Maine",93
"Androscoggin County, Maine",89
"Franklin County, Maine",88
"Piscataquis County, Maine",86
"Penobscot County, Maine",85
"Kennebec County, Maine",85
"Oxford County, Maine",85
"Washington County, Maine",83
"Aroostook County, Maine",80
"Somerset County, Maine",80
"Livingston County, Michigan",111
"Washtenaw County, Michigan",108
"Oakland County, Michigan",107
"Leelanau County, Michigan",104
"Macomb County, Michigan",97
"Lapeer County, Michigan",96
"Grand Traverse County, Michigan",95
"Ottawa County, Michigan",95
"Kent County, Michigan",93
"Clinton County, Michigan",92
"Allegan County, Michigan",91
"Barry County, Michigan",91
"Monroe County, Michigan",91
"Benzie County, Michigan",90
"St. Clair County, Michigan",90
"Charlevoix County, Michigan",88
"Wayne County, Michigan",88
"Isabella County, Michigan",87
"Eaton County, Michigan",87
"Marquette County, Michigan",87
"Emmet County, Michigan",87
"Antrim County, Michigan",86
"Kalamazoo County, Michigan",86
"Alger County, Michigan",85
"Van Buren County, Michigan",85
"Jackson County, Michigan",85
"Berrien County, Michigan",84
"Midland County, Michigan",84
"Cass County, Michigan",84
"Genesee County, Michigan",84
"Lenawee County, Michigan",84
"Ingham County, Michigan",83
"Mackinac County, Michigan",83
"Keweenaw County, Michigan",83
"Ionia County, Michigan",82
"Montcalm County, Michigan",82
"Muskegon County, Michigan",82
"Shiawassee County, Michigan",82
"Saginaw County, Michigan",82
"Schoolcraft County, Michigan",82
"Hillsdale County, Michigan",82
"Menominee County, Michigan",81
"Sanilac County, Michigan",81
"St. Joseph County, Michigan",81
"Houghton County, Michigan",81
"Cheboygan County, Michigan",81
"Montmorency County, Michigan",80
"Missaukee County, Michigan",80
"Calhoun County, Michigan",80
"Delta County, Michigan",80
"Dickinson County, Michigan",80
"Manistee County, Michigan",80
"Otsego County, Michigan",79
"Baraga County, Michigan",79
"Alcona County, Michigan",79
"Kalkaska County, Michigan",79
"Iron County, Michigan",79
"Gladwin County, Michigan",79
"Mecosta County, Michigan",79
"Newaygo County, Michigan",79
"Ontonagon County, Michigan",78
"Branch County, Michigan",78
"Bay County, Michigan",78
"Mason County, Michigan",78
"Luce County, Michigan",77
"Roscommon County, Michigan",77
"Presque Isle County, Michigan",77
"Wexford County, Michigan",77
"Oceana County, Michigan",77
"Gogebic County, Michigan",77
"Clare County, Michigan",76
"Tuscola County, Michigan",76
"Osceola County, Michigan",76
"Huron County, Michigan",76
"Ogemaw County, Michigan",75
"Gratiot County, Michigan",75
"Crawford County, Michigan",75
"Iosco County, Michigan",74
"Arenac County, Michigan",74
"Lake County, Michigan",74
"Chippewa County, Michigan",74
"Alpena County, Michigan",73
"Oscoda County, Michigan",72
"Carver County, Minnesota",115
"Washington County, Minnesota",111
"Scott County, Minnesota",109
"Hennepin County, Minnesota",108
"Dakota County, Minnesota",107
"Wright County, Minnesota",105
"Sherburne County, Minnesota",105
"Anoka County, Minnesota",104
"Chisago County, Minnesota",103
"Ramsey County, Minnesota",103
"Cook County, Minnesota",99
"Isanti County, Minnesota",98
"Olmsted County, Minnesota",95
"Rice County, Minnesota",94
"Le Sueur County, Minnesota",94
"Dodge County, Minnesota",93
"Wabasha County, Minnesota",93
"Mille Lacs County, Minnesota",93
"Goodhue County, Minnesota",91
"Sibley County, Minnesota",91
"Nicollet County, Minnesota",90
"Becker County, Minnesota",90
"Clay County, Minnesota",89
"Benton County, Minnesota",89
"Douglas County, Minnesota",89
"Stearns County, Minnesota",89
"Morrison County, Minnesota",89
"Blue Earth County, Minnesota",88
"Houston County, Minnesota",88
"Hubbard County, Minnesota",88
"Kanabec County, Minnesota",87
"Pope County, Minnesota",87
"Carlton County, Minnesota",87
"Fillmore County, Minnesota",86
"Lake County, Minnesota",86
"Pine County, Minnesota",86
"Otter Tail County, Minnesota",86
"Polk County, Minnesota",85
"Waseca County, Minnesota",85
"Cass County, Minnesota",85
"Crow Wing County, Minnesota",85
"Steele County, Minnesota",84
"Aitkin County, Minnesota",84
"McLeod County, Minnesota",84
"Winona County, Minnesota",84
"Meeker County, Minnesota",83
"Kandiyohi County, Minnesota",83
"St. Louis County, Minnesota",83
"Lake of the Woods County, Minnesota",81
"Stevens County, Minnesota",81
"Rock County, Minnesota",81
"Brown County, Minnesota",81
"Beltrami County, Minnesota",81
"Itasca County, Minnesota",81
"Pennington County, Minnesota",79
"Grant County, Minnesota",78
"Roseau County, Minnesota",78
"Wilkin County, Minnesota",78
"Marshall County, Minnesota",78
"Murray County, Minnesota",78
"Red Lake County, Minnesota",77
"Jackson County, Minnesota",77
"Nobles County, Minnesota",77
"Todd County, Minnesota",77
"Renville County, Minnesota",77
"Lyon County, Minnesota",76
"Clearwater County, Minnesota",76
"Freeborn County, Minnesota",76
"Swift County, Minnesota",76
"Yellow Medicine County, Minnesota",76
"Lincoln County, Minnesota",76
"Big Stone County, Minnesota",75
"Redwood County, Minnesota",75
"Mower County, Minnesota",75
"Watonwan County, Minnesota",75
"Faribault County, Minnesota",75
"Norman County, Minnesota",75
"Pipestone County, Minnesota",74
"Mahnomen County, Minnesota",74
"Martin County, Minnesota",74
"Cottonwood County, Minnesota",73
"Traverse County, Minnesota",72
"Wadena County, Minnesota",72
"Lac qui Parle County, Minnesota",72
"Kittson County, Minnesota",72
"Koochiching County, Minnesota",72
"Chippewa County, Minnesota",70
"Platte County, Missouri",100
"St. Charles County, Missouri",98
"Cass County, Missouri",94
"Jefferson County, Missouri",93
"Clay County, Missouri",93
"St. Louis County, Missouri",92
"Camden County, Missouri",92
"Lincoln County, Missouri",91
"Christian County, Missouri",91
"Clinton County, Missouri",91
"Franklin County, Missouri",90
"Warren County, Missouri",90
"Osage County, Missouri",88
"Webster County, Missouri",88
"Ray County, Missouri",88
"Boone County, Missouri",87
"Andrew County, Missouri",87
"Ste. Genevieve County, Missouri",86
"Callaway County, Missouri",86
"Caldwell County, Missouri",86
"Jackson County, Missouri",86
"DeKalb County, Missouri",86
"Stone County, Missouri",86
"Johnson County, Missouri",86
"Cape Girardeau County, Missouri",86
"Polk County, Missouri",86
"Dallas County, Missouri",85
"Cole County, Missouri",85
"Lafayette County, Missouri",85
"Greene County, Missouri",84
"Perry County, Missouri",84
"Pulaski County, Missouri",84
"Crawford County, Missouri",84
"Maries County, Missouri",84
"Pike County, Missouri",84
"Gasconade County, Missouri",83
"Ralls County, Missouri",83
"St. Louis city County, Missouri",83
"Miller County, Missouri",83
"Moniteau County, Missouri",82
"Newton County, Missouri",82
"Cooper County, Missouri",82
"Daviess County, Missouri",82
"Bates County, Missouri",82
"Taney County, Missouri",82
"Phelps County, Missouri",82
"Bollinger County, Missouri",82
"Howard County, Missouri",81
"St. Clair County, Missouri",80
"Benton County, Missouri",80
"Morgan County, Missouri",80
"Dent County, Missouri",80
"Macon County, Missouri",80
"Marion County, Missouri",80
"Montgomery County, Missouri",80
"Lewis County, Missouri",79
"Barry County, Missouri",79
"McDonald County, Missouri",79
"Monroe County, Missouri",79
"Shannon County, Missouri",79
"Nodaway County, Missouri",79
"St. Francois County, Missouri",79
"Cedar County, Missouri",79
"Butler County, Missouri",79
"Jasper County, Missouri",79
"Laclede County, Missouri",78
"Washington County, Missouri",78
"Dade County, Missouri",78
"Douglas County, Missouri",78
"Buchanan County, Missouri",78
"Texas County, Missouri",78
"Adair County, Missouri",78
"Howell County, Missouri",78
"Holt County, Missouri",78
"Carter County, Missouri",77
"Iron County, Missouri",77
"Ripley County, Missouri",77
"Reynolds County, Missouri",77
"Scott County, Missouri",77
"Hickory County, Missouri",77
"Barton County, Missouri",76
"Livingston County, Missouri",76
"Ozark County, Missouri",76
"Scotland County, Missouri",76
"Lawrence County, Missouri",76
"Audrain County, Missouri",76
"Henry County, Missouri",76
"Madison County, Missouri",76
"Clark County, Missouri",76
"Randolph County, Missouri",76
"Schuyler County, Missouri",76
"Atchison County, Missouri",75
"Wright County, Missouri",75
"Putnam County, Missouri",75
"Stoddard County, Missouri",75
"Saline County, Missouri",75
"Linn County, Missouri",75
"Knox County, Missouri",75
"Wayne County, Missouri",75
"Chariton County, Missouri",74
"Madison County, Mississippi",97
"Lamar County, Mississippi",92
"DeSoto County, Mississippi",91
"Rankin County, Mississippi",91
"Lafayette County, Mississippi",89
"Hancock County, Mississippi",88
"Oktibbeha County, Mississippi",87
"Tate County, Mississippi",86
"Pearl River County, Mississippi",86
"George County, Mississippi",85
"Jackson County, Mississippi",85
"Harrison County, Mississippi",84
"Union County, Mississippi",84
"Simpson County, Mississippi",84
"Stone County, Mississippi",82
"Perry County, Mississippi",82
"Warren County, Mississippi",82
"Forrest County, Mississippi",82
"Smith County, Mississippi",81
"Franklin County, Mississippi",81
"Hinds County, Mississippi",81
"Marshall County, Mississippi",81
"Walthall County, Mississippi",80
"Greene County, Mississippi",80
"Lincoln County, Mississippi",80
"Marion County, Mississippi",80
"Lowndes County, Mississippi",79
"Lee County, Mississippi",79
"Tunica County, Mississippi",79
"Lawrence County, Mississippi",79
"Carroll County, Mississippi",79
"Benton County, Mississippi",79
"Jones County, Mississippi",79
"Jefferson Davis County, Mississippi",78
"Newton County, Mississippi",78
"Neshoba County, Mississippi",78
"Wayne County, Mississippi",78
"Amite County, Mississippi",78
"Attala County, Mississippi",78
"Webster County, Mississippi",78
"Yazoo County, Mississippi",77
"Jasper County, Mississippi",77
"Tippah County, Mississippi",77
"Pontotoc County, Mississippi",77
"Clarke County, Mississippi",77
"Covington County, Mississippi",77
"Copiah County, Mississippi",77
"Adams County, Mississippi",76
"Choctaw County, Mississippi",76
"Pike County, Mississippi",76
"Lauderdale County, Mississippi",76
"Leake County, Mississippi",76
"Panola County, Mississippi",76
"Kemper County, Mississippi",76
"Clay County, Mississippi",75
"Alcorn County, Mississippi",75
"Itawamba County, Mississippi",75
"Scott County, Mississippi",74
"Winston County, Mississippi",74
"Wilkinson County, Mississippi",74
"Monroe County, Mississippi",74
"Prentiss County, Mississippi",73
"Grenada County, Mississippi",73
"Yalobusha County, Mississippi",73
"Montgomery County, Mississippi",73
"Bolivar County, Mississippi",73
"Chickasaw County, Mississippi",73
"Tishomingo County, Mississippi",72
"Noxubee County, Mississippi",72
"Calhoun County, Mississippi",72
"Washington County, Mississippi",72
"Tallahatchie County, Mississippi",72
"Jefferson County, Mississippi",71
"Humphreys County, Mississippi",71
"Leflore County, Mississippi",71
"Claiborne County, Mississippi",71
"Quitman County, Mississippi",70
"Coahoma County, Mississippi",70
"Holmes County, Mississippi",70
"Issaquena County, Mississippi",69
"Sharkey County, Mississippi",68
"Sunflower County, Mississippi",67
"Gallatin County, Montana",119
"Missoula County, Montana",107
"Flathead County, Montana",103
"Lake County, Montana",98
"Park County, Montana",97
"Yellowstone County, Montana",96
"Carbon County, Montana",96
"Lewis and Clark County, Montana",95
"Stillwater County, Montana",95
"Sweet Grass County, Montana",94
"Madison County, Montana",94
"Sanders County, Montana",92
"Broadwater County, Montana",92
"Ravalli County, Montana",92
"Richland County, Montana",91
"Cascade County, Montana",91
"Beaverhead County, Montana",90
"Jefferson County, Montana",90
"Granite County, Montana",89
"Judith Basin County, Montana",88
"Dawson County, Montana",85
"Chouteau County, Montana",85
"Powell County, Montana",85
"Fallon County, Montana",85
"Musselshell County, Montana",84
"Lincoln County, Montana",84
"Hill County, Montana",83
"Silver Bow County, Montana",83
"Teton County, Montana",83
"Mineral County, Montana",82
"Golden Valley County, Montana",82
"Fergus County, Montana",82
"Valley County, Montana",82
"Daniels County, Montana",81
"Custer County, Montana",81
"Meagher County, Montana",81
"Sheridan County, Montana",81
"Petroleum County, Montana",81
"Phillips County, Montana",80
"Powder River County, Montana",80
"Pondera County, Montana",80
"Toole County, Montana",80
"Blaine County, Montana",80
"Big Horn County, Montana",79
"Liberty County, Montana",79
"Garfield County, Montana",79
"Treasure County, Montana",79
"Deer Lodge County, Montana",78
"McCone County, Montana",78
"Rosebud County, Montana",78
"Wibaux County, Montana",77
"Glacier County, Montana",77
"Carter County, Montana",77
"Roosevelt County, Montana",77
"Prairie County, Montana",76
"Wheatland County, Montana",73
"Currituck County, North Carolina",110
"Dare County, North Carolina",109
"Orange County, North Carolina",108
"Chatham County, North Carolina",108
"Wake County, North Carolina",106
"Buncombe County, North Carolina",106
"Henderson County, North Carolina",103
"Brunswick County, North Carolina",102
"Camden County, North Carolina",102
"Union County, North Carolina",102
"Mecklenburg County, North Carolina",101
"Pender County, North Carolina",100
"New Hanover County, North Carolina",99
"Carteret County, North Carolina",99
"Madison County, North Carolina",97
"Iredell County, North Carolina",97
"Watauga County, North Carolina",97
"Gates County, North Carolina",96
"Durham County, North Carolina",96
"Transylvania County, North Carolina",95
"Polk County, North Carolina",95
"Moore County, North Carolina",94
"Cabarrus County, North Carolina",94
"Lincoln County, North Carolina",93
"Perquimans County, North Carolina",92
"Johnston County, North Carolina",91
"Hoke County, North Carolina",91
"Davie County, North Carolina",90
"Macon County, North Carolina",89
"Jackson County, North Carolina",89
"Harnett County, North Carolina",88
"Granville County, North Carolina",88
"Pasquotank County, North Carolina",88
"Franklin County, North Carolina",87
"Stokes County, North Carolina",87
"Haywood County, North Carolina",87
"Person County, North Carolina",87
"Pamlico County, North Carolina",87
"Onslow County, North Carolina",87
"Alexander County, North Carolina",87
"Catawba County, North Carolina",86
"Gaston County, North Carolina",86
"Yancey County, North Carolina",86
"Mitchell County, North Carolina",85
"Alleghany County, North Carolina",85
"Rowan County, North Carolina",85
"Yadkin County, North Carolina",85
"Guilford County, North Carolina",85
"Clay County, North Carolina",84
"Burke County, North Carolina",84
"Alamance County, North Carolina",84
"Chowan County, North Carolina",84
"Davidson County, North Carolina",84
"Forsyth County, North Carolina",84
"Avery County, North Carolina",84
"Randolph County, North Carolina",84
"Beaufort County, North Carolina",83
"Cherokee County, North Carolina",83
"Graham County, North Carolina",83
"Pitt County, North Carolina",83
"Craven County, North Carolina",83
"Tyrrell County, North Carolina",83
"Wilson County, North Carolina",82
"Caldwell County, North Carolina",82
"Ashe County, North Carolina",82
"Wilkes County, North Carolina",82
"Stanly County, North Carolina",81
"McDowell County, North Carolina",81
"Cumberland County, North Carolina",81
"Swain County, North Carolina",80
"Nash County, North Carolina",80
"Rutherford County, North Carolina",80
"Sampson County, North Carolina",80
"Warren County, North Carolina",80
"Lee County, North Carolina",80
"Columbus County, North Carolina",79
"Jones County, North Carolina",79
"Surry County, North Carolina",79
"Bladen County, North Carolina",78
"Washington County, North Carolina",78
"Caswell County, North Carolina",77
"Greene County, North Carolina",77
"Lenoir County, North Carolina",77
"Northampton County, North Carolina",77
"Hertford County, North Carolina",77
"Wayne County, North Carolina",77
"Hyde County, North Carolina",77
"Martin County, North Carolina",76
"Montgomery County, North Carolina",76
"Duplin County, North Carolina",76
"Cleveland County, North Carolina",76
"Bertie County, North Carolina",76
"Vance County, North Carolina",76
"Rockingham County, North Carolina",75
"Richmond County, North Carolina",75
"Halifax County, North Carolina",74
"Robeson County, North Carolina",74
"Scotland County, North Carolina",73
"Edgecombe County, North Carolina",72
"Anson County, North Carolina",72
"Stark County, North Dakota",98
"Ward County, North Dakota",97
"Burleigh County, North Dakota",97
"McKenzie County, North Dakota",97
"Williams County, North Dakota",97
"Billings County, North Dakota",96
"Oliver County, North Dakota",94
"Cass County, North Dakota",93
"Morton County, North Dakota",93
"Dunn County, North Dakota",91
"Mercer County, North Dakota",89
"Mountrail County, North Dakota",89
"Divide County, North Dakota",88
"McLean County, North Dakota",87
"Grand Forks County, North Dakota",87
"Bowman County, North Dakota",84
"Adams County, North Dakota",84
"Bottineau County, North Dakota",83
"Stutsman County, North Dakota",83
"McHenry County, North Dakota",83
"Burke County, North Dakota",82
"Renville County, North Dakota",82
"Kidder County, North Dakota",81
"Slope County, North Dakota",80
"Barnes County, North Dakota",80
"Hettinger County, North Dakota",79
"Ramsey County, North Dakota",79
"Traill County, North Dakota",79
"Golden Valley County, North Dakota",78
"Foster County, North Dakota",78
"Pierce County, North Dakota",78
"Ransom County, North Dakota",78
"Grant County, North Dakota",77
"Richland County, North Dakota",77
"Sheridan County, North Dakota",77
"LaMoure County, North Dakota",77
"Griggs County, North Dakota",76
"Cavalier County, North Dakota",76
"Sargent County, North Dakota",76
"Nelson County, North Dakota",75
"Eddy County, North Dakota",74
"Wells County, North Dakota",74
"Sioux County, North Dakota",74
"Steele County, North Dakota",73
"Logan County, North Dakota",73
"Towner County, North Dakota",73
"Walsh County, North Dakota",72
"Pembina County, North Dakota",72
"McIntosh County, North Dakota",71
"Dickey County, North Dakota",71
"Rolette County, North Dakota",71
"Benson County, North Dakota",71
"Emmons County, North Dakota",70
"Cass County, Nebraska",97
"Sarpy County, Nebraska",97
"Washington County, Nebraska",96
"Saunders County, Nebraska",95
"Loup County, Nebraska",92
"Seward County, Nebraska",92
"Buffalo County, Nebraska",91
"Lancaster County, Nebraska",91
"Douglas County, Nebraska",91
"Banner County, Nebraska",90
"Hamilton County, Nebraska",87
"Otoe County, Nebraska",86
"Madison County, Nebraska",86
"McPherson County, Nebraska",86
"Hall County, Nebraska",86
"Howard County, Nebraska",86
"Kearney County, Nebraska",86
"Logan County, Nebraska",85
"Wayne County, Nebraska",85
"Lincoln County, Nebraska",85
"Platte County, Nebraska",85
"Butler County, Nebraska",85
"Sioux County, Nebraska",84
"Phelps County, Nebraska",83
"York County, Nebraska",83
"Dodge County, Nebraska",83
"Cheyenne County, Nebraska",83
"Gosper County, Nebraska",83
"Stanton County, Nebraska",83
"Wheeler County, Nebraska",83
"Dakota County, Nebraska",83
"Nemaha County, Nebraska",82
"Cherry County, Nebraska",82
"Scotts Bluff County, Nebraska",82
"Frontier County, Nebraska",82
"Polk County, Nebraska",82
"Dawes County, Nebraska",82
"Cuming County, Nebraska",82
"Chase County, Nebraska",82
"Cedar County, Nebraska",81
"Adams County, Nebraska",81
"Sherman County, Nebraska",81
"Keith County, Nebraska",81
"Boone County, Nebraska",81
"Box Butte County, Nebraska",81
"Arthur County, Nebraska",81
"Perkins County, Nebraska",81
"Pierce County, Nebraska",81
"Garden County, Nebraska",80
"Burt County, Nebraska",80
"Hayes County, Nebraska",80
"Holt County, Nebraska",80
"Thomas County, Nebraska",79
"Gage County, Nebraska",79
"Dawson County, Nebraska",79
"Merrick County, Nebraska",79
"Custer County, Nebraska",79
"Deuel County, Nebraska",79
"Colfax County, Nebraska",79
"Morrill County, Nebraska",79
"Dixon County, Nebraska",79
"Blaine County, Nebraska",79
"Rock County, Nebraska",78
"Valley County, Nebraska",78
"Saline County, Nebraska",78
"Red Willow County, Nebraska",78
"Hooker County, Nebraska",78
"Keya Paha County, Nebraska",78
"Nance County, Nebraska",78
"Garfield County, Nebraska",78
"Johnson County, Nebraska",78
"Harlan County, Nebraska",78
"Brown County, Nebraska",77
"Knox County, Nebraska",77
"Kimball County, Nebraska",77
"Clay County, Nebraska",77
"Webster County, Nebraska",77
"Sheridan County, Nebraska",77
"Pawnee County, Nebraska",77
"Greeley County, Nebraska",76
"Antelope County, Nebraska",76
"Dundy County, Nebraska",76
"Grant County, Nebraska",76
"Fillmore County, Nebraska",75
"Hitchcock County, Nebraska",75
"Richardson County, Nebraska",75
"Thurston County, Nebraska",75
"Boyd County, Nebraska",75
"Franklin County, Nebraska",75
"Jefferson County, Nebraska",75
"Nuckolls County, Nebraska",74
"Furnas County, Nebraska",73
"Thayer County, Nebraska",73
"Rockingham County, New Hampshire",119
"Hillsborough County, New Hampshire",111
"Strafford County, New Hampshire",102
"Carroll County, New Hampshire",102
"Belknap County, New Hampshire",101
"Merrimack County, New Hampshire",101
"Grafton County, New Hampshire",95
"Cheshire County, New Hampshire",93
"Sullivan County, New Hampshire",91
"Coos County, New Hampshire",81
"Bergen County, New Jersey",143
"Hudson County, New Jersey",141
"Morris County, New Jersey",140
"Somerset County, New Jersey",135
"Essex County, New Jersey",135
"Hunterdon County, New Jersey",133
"Monmouth County, New Jersey",130
"Union County, New Jersey",126
"Passaic County, New Jersey",125
"Middlesex County, New Jersey",124
"Cape May County, New Jersey",115
"Sussex County, New Jersey",113
"Ocean County, New Jersey",108
"Burlington County, New Jersey",104
"Mercer County, New Jersey",104
"Warren County, New Jersey",101
"Gloucester County, New Jersey",99
"Camden County, New Jersey",92
"Atlantic County, New Jersey",92
"Salem County, New Jersey",89
"Cumberland County, New Jersey",84
"Santa Fe County, New Mexico",114
"Los Alamos County, New Mexico",106
"Taos County, New Mexico",95
"Sandoval County, New Mexico",94
"Bernalillo County, New Mexico",92
"Lincoln County, New Mexico",89
"Catron County, New Mexico",86
"Rio Arriba County, New Mexico",86
"Valencia County, New Mexico",85
"Doa Ana County, New Mexico",85
"San Juan County, New Mexico",85
"Torrance County, New Mexico",83
"Eddy County, New Mexico",81
"San Miguel County, New Mexico",81
"Lea County, New Mexico",79
"Curry County, New Mexico",78
"McKinley County, New Mexico",78
"Mora County, New Mexico",77
"Grant County, New Mexico",77
"Colfax County, New Mexico",77
"Union County, New Mexico",77
"Roosevelt County, New Mexico",76
"Otero County, New Mexico",76
"Chaves County, New Mexico",75
"Hidalgo County, New Mexico",75
"Socorro County, New Mexico",75
"Guadalupe County, New Mexico",74
"Luna County, New Mexico",73
"Sierra County, New Mexico",72
"Cibola County, New Mexico",72
"De Baca County, New Mexico",70
"Harding County, New Mexico",70
"Quay County, New Mexico",69
"Douglas County, Nevada",127
"Washoe County, Nevada",117
"Clark County, Nevada",111
"Carson City County, Nevada",110
"Elko County, Nevada",103
"Lyon County, Nevada",103
"Humboldt County, Nevada",96
"Lander County, Nevada",95
"Churchill County, Nevada",95
"Storey County, Nevada",94
"Lincoln County, Nevada",91
"Nye County, Nevada",87
"White Pine County, Nevada",85
"Eureka County, Nevada",84
"Pershing County, Nevada",81
"Mineral County, Nevada",79
"Esmeralda County, Nevada",78
"New York (Manhattan) County, New York",259
"Kings (Brooklyn) County, New York",203
"Queens County, New York",181
"Westchester County, New York",166
"Richmond (Staten Island) County, New York",163
"Nassau County, New York",162
"Bronx County, New York",153
"Rockland County, New York",146
"Putnam County, New York",134
"Suffolk County, New York",132
"Orange County, New York",120
"Dutchess County, New York",114
"Saratoga County, New York",105
"Ulster County, New York",105
"Albany County, New York",100
"Columbia County, New York",100
"Warren County, New York",96
"Rensselaer County, New York",94
"Tompkins County, New York",94
"Greene County, New York",93
"Sullivan County, New York",91
"Schenectady County, New York",90
"Washington County, New York",90
"Erie County, New York",90
"Ontario County, New York",90
"Schoharie County, New York",89
"Hamilton County, New York",88
"Monroe County, New York",87
"Essex County, New York",87
"Onondaga County, New York",87
"Yates County, New York",86
"Niagara County, New York",86
"Livingston County, New York",85
"Wayne County, New York",85
"Delaware County, New York",84
"Oneida County, New York",84
"Madison County, New York",84
"Tioga County, New York",84
"Oswego County, New York",82
"Cayuga County, New York",82
"Otsego County, New York",82
"Fulton County, New York",82
"Orleans County, New York",82
"Lewis County, New York",82
"Herkimer County, New York",81
"Clinton County, New York",81
"Jefferson County, New York",81
"Genesee County, New York",81
"Schuyler County, New York",80
"Wyoming County, New York",80
"Cortland County, New York",80
"Montgomery County, New York",80
"Broome County, New York",79
"Seneca County, New York",78
"Chemung County, New York",78
"Steuben County, New York",77
"Franklin County, New York",77
"Chenango County, New York",77
"St. Lawrence County, New York",74
"Cattaraugus County, New York",74
"Chautauqua County, New York",73
"Allegany County, New York",73
"Delaware County, Ohio",112
"Geauga County, Ohio",99
"Warren County, Ohio",99
"Union County, Ohio",96
"Licking County, Ohio",94
"Medina County, Ohio",93
"Fairfield County, Ohio",93
"Clermont County, Ohio",93
"Pickaway County, Ohio",91
"Franklin County, Ohio",90
"Madison County, Ohio",89
"Butler County, Ohio",87
"Greene County, Ohio",87
"Holmes County, Ohio",87
"Morrow County, Ohio",87
"Brown County, Ohio",87
"Hamilton County, Ohio",87
"Hocking County, Ohio",86
"Portage County, Ohio",85
"Lake County, Ohio",85
"Miami County, Ohio",83
"Wood County, Ohio",83
"Fulton County, Ohio",83
"Putnam County, Ohio",83
"Perry County, Ohio",83
"Cuyahoga County, Ohio",82
"Mercer County, Ohio",82
"Ottawa County, Ohio",82
"Ross County, Ohio",81
"Clinton County, Ohio",81
"Lorain County, Ohio",81
"Knox County, Ohio",81
"Athens County, Ohio",81
"Hancock County, Ohio",80
"Summit County, Ohio",80
"Wayne County, Ohio",80
"Champaign County, Ohio",80
"Adams County, Ohio",80
"Monroe County, Ohio",79
"Washington County, Ohio",79
"Logan County, Ohio",79
"Gallia County, Ohio",79
"Erie County, Ohio",79
"Shelby County, Ohio",79
"Montgomery County, Ohio",79
"Auglaize County, Ohio",79
"Tuscarawas County, Ohio",78
"Pike County, Ohio",78
"Lawrence County, Ohio",78
"Darke County, Ohio",78
"Preble County, Ohio",78
"Henry County, Ohio",78
"Jefferson County, Ohio",78
"Stark County, Ohio",78
"Vinton County, Ohio",78
"Morgan County, Ohio",78
"Carroll County, Ohio",78
"Richland County, Ohio",78
"Hardin County, Ohio",78
"Fayette County, Ohio",78
"Ashland County, Ohio",78
"Wyandot County, Ohio",78
"Noble County, Ohio",78
"Jackson County, Ohio",78
"Muskingum County, Ohio",77
"Highland County, Ohio",77
"Clark County, Ohio",77
"Meigs County, Ohio",77
"Lucas County, Ohio",77
"Huron County, Ohio",77
"Scioto County, Ohio",77
"Belmont County, Ohio",76
"Guernsey County, Ohio",76
"Harrison County, Ohio",76
"Sandusky County, Ohio",75
"Defiance County, Ohio",75
"Coshocton County, Ohio",75
"Allen County, Ohio",75
"Marion County, Ohio",75
"Paulding County, Ohio",75
"Williams County, Ohio",75
"Ashtabula County, Ohio",74
"Trumbull County, Ohio",74
"Crawford County, Ohio",73
"Seneca County, Ohio",73
"Mahoning County, Ohio",73
"Columbiana County, Ohio",73
"Van Wert County, Ohio",73
"Logan County, Oklahoma",93
"Canadian County, Oklahoma",93
"McClain County, Oklahoma",92
"Rogers County, Oklahoma",91
"Cleveland County, Oklahoma",90
"Wagoner County, Oklahoma",89
"Grady County, Oklahoma",87
"Tulsa County, Oklahoma",86
"Oklahoma County, Oklahoma",86
"Delaware County, Oklahoma",86
"Kingfisher County, Oklahoma",86
"Bryan County, Oklahoma",84
"Osage County, Oklahoma",84
"Mayes County, Oklahoma",84
"Payne County, Oklahoma",83
"Creek County, Oklahoma",83
"McIntosh County, Oklahoma",83
"Woodward County, Oklahoma",82
"Lincoln County, Oklahoma",82
"Marshall County, Oklahoma",82
"Caddo County, Oklahoma",80
"Pawnee County, Oklahoma",80
"Washita County, Oklahoma",80
"Custer County, Oklahoma",80
"Okfuskee County, Oklahoma",80
"Grant County, Oklahoma",80
"Alfalfa County, Oklahoma",80
"Roger Mills County, Oklahoma",79
"Beaver County, Oklahoma",79
"Sequoyah County, Oklahoma",79
"Murray County, Oklahoma",79
"Atoka County, Oklahoma",79
"Major County, Oklahoma",78
"Love County, Oklahoma",78
"Coal County, Oklahoma",78
"Pottawatomie County, Oklahoma",77
"Noble County, Oklahoma",77
"Garfield County, Oklahoma",77
"Dewey County, Oklahoma",77
"Washington County, Oklahoma",77
"Cherokee County, Oklahoma",77
"Comanche County, Oklahoma",77
"Texas County, Oklahoma",77
"Le Flore County, Oklahoma",77
"Kay County, Oklahoma",77
"Craig County, Oklahoma",77
"Haskell County, Oklahoma",77
"Beckham County, Oklahoma",76
"Choctaw County, Oklahoma",76
"Pushmataha County, Oklahoma",76
"Okmulgee County, Oklahoma",76
"Cotton County, Oklahoma",76
"Ellis County, Oklahoma",76
"Nowata County, Oklahoma",76
"Seminole County, Oklahoma",76
"Woods County, Oklahoma",76
"Johnston County, Oklahoma",75
"Harper County, Oklahoma",75
"Carter County, Oklahoma",75
"Pontotoc County, Oklahoma",75
"Pittsburg County, Oklahoma",75
"McCurtain County, Oklahoma",75
"Blaine County, Oklahoma",75
"Latimer County, Oklahoma",74
"Muskogee County, Oklahoma",74
"Adair County, Oklahoma",73
"Stephens County, Oklahoma",73
"Garvin County, Oklahoma",73
"Hughes County, Oklahoma",73
"Jefferson County, Oklahoma",73
"Greer County, Oklahoma",72
"Ottawa County, Oklahoma",72
"Kiowa County, Oklahoma",72
"Cimarron County, Oklahoma",72
"Tillman County, Oklahoma",70
"Jackson County, Oklahoma",70
"Harmon County, Oklahoma",69
"Clackamas County, Oregon",131
"Multnomah County, Oregon",128
"Washington County, Oregon",127
"Hood River County, Oregon",122
"Deschutes County, Oregon",117
"Yamhill County, Oregon",115
"Columbia County, Oregon",111
"Benton County, Oregon",111
"Polk County, Oregon",107
"Jackson County, Oregon",105
"Tillamook County, Oregon",103
"Lane County, Oregon",103
"Clatsop County, Oregon",103
"Curry County, Oregon",102
"Marion County, Oregon",102
"Wallowa County, Oregon",100
"Lincoln County, Oregon",99
"Josephine County, Oregon",98
"Wasco County, Oregon",95
"Linn County, Oregon",95
"Crook County, Oregon",95
"Jefferson County, Oregon",92
"Sherman County, Oregon",90
"Grant County, Oregon",89
"Douglas County, Oregon",88
"Union County, Oregon",87
"Coos County, Oregon",87
"Baker County, Oregon",87
"Wheeler County, Oregon",87
"Umatilla County, Oregon",86
"Morrow County, Oregon",84
"Klamath County, Oregon",84
"Malheur County, Oregon",83
"Lake County, Oregon",81
"Gilliam County, Oregon",81
"Harney County, Oregon",80
"Chester County, Pennsylvania",121
"Bucks County, Pennsylvania",119
"Montgomery County, Pennsylvania",115
"Delaware County, Pennsylvania",106
"Pike County, Pennsylvania",105
"Philadelphia County, Pennsylvania",101
"Lehigh County, Pennsylvania",98
"Northampton County, Pennsylvania",98
"Lancaster County, Pennsylvania",97
"Butler County, Pennsylvania",97
"Centre County, Pennsylvania",97
"York County, Pennsylvania",95
"Cumberland County, Pennsylvania",95
"Adams County, Pennsylvania",94
"Perry County, Pennsylvania",93
"Carbon County, Pennsylvania",93
"Berks County, Pennsylvania",92
"Monroe County, Pennsylvania",92
"Lebanon County, Pennsylvania",90
"Allegheny County, Pennsylvania",90
"Dauphin County, Pennsylvania",90
"Fulton County, Pennsylvania",90
"Montour County, Pennsylvania",89
"Franklin County, Pennsylvania",89
"Wayne County, Pennsylvania",89
"Juniata County, Pennsylvania",88
"Beaver County, Pennsylvania",88
"Washington County, Pennsylvania",88
"Sullivan County, Pennsylvania",88
"Union County, Pennsylvania",88
"Wyoming County, Pennsylvania",87
"Snyder County, Pennsylvania",85
"Lycoming County, Pennsylvania",84
"Armstrong County, Pennsylvania",83
"Westmoreland County, Pennsylvania",83
"Lackawanna County, Pennsylvania",83
"Bradford County, Pennsylvania",83
"Columbia County, Pennsylvania",83
"Susquehanna County, Pennsylvania",82
"Huntingdon County, Pennsylvania",82
"Clinton County, Pennsylvania",81
"Bedford County, Pennsylvania",81
"Erie County, Pennsylvania",81
"Tioga County, Pennsylvania",81
"Luzerne County, Pennsylvania",80
"Greene County, Pennsylvania",79
"Mifflin County, Pennsylvania",79
"Potter County, Pennsylvania",78
"Blair County, Pennsylvania",78
"Mercer County, Pennsylvania",78
"Indiana County, Pennsylvania",77
"Somerset County, Pennsylvania",77
"Forest County, Pennsylvania",76
"Northumberland County, Pennsylvania",76
"Fayette County, Pennsylvania",76
"Jefferson County, Pennsylvania",76
"Warren County, Pennsylvania",75
"Schuylkill County, Pennsylvania",75
"Elk County, Pennsylvania",75
"Crawford County, Pennsylvania",75
"Clarion County, Pennsylvania",75
"Cambria County, Pennsylvania",75
"Lawrence County, Pennsylvania",74
"Venango County, Pennsylvania",73
"Clearfield County, Pennsylvania",73
"Cameron County, Pennsylvania",72
"McKean County, Pennsylvania",71
"Newport County, Rhode Island",125
"Washington County, Rhode Island",122
"Bristol County, Rhode Island",120
"Providence County, Rhode Island",108
"Kent County, Rhode Island",103
"Charleston County, South Carolina",114
"Beaufort County, South Carolina",108
"Dorchester County, South Carolina",99
"Berkeley County, South Carolina",98
"York County, South Carolina",94
"Georgetown County, South Carolina",94
"Lancaster County, South Carolina",93
"Greenville County, South Carolina",92
"Horry County, South Carolina",90
"Lexington County, South Carolina",88
"Pickens County, South Carolina",87
"Oconee County, South Carolina",87
"Richland County, South Carolina",86
"Anderson County, South Carolina",86
"Edgefield County, South Carolina",86
"Kershaw County, South Carolina",84
"Spartanburg County, South Carolina",84
"Jasper County, South Carolina",84
"McCormick County, South Carolina",83
"Calhoun County, South Carolina",83
"Colleton County, South Carolina",83
"Aiken County, South Carolina",82
"Florence County, South Carolina",81
"Saluda County, South Carolina",80
"Laurens County, South Carolina",79
"Clarendon County, South Carolina",79
"Chester County, South Carolina",78
"Hampton County, South Carolina",77
"Greenwood County, South Carolina",77
"Barnwell County, South Carolina",77
"Abbeville County, South Carolina",77
"Marion County, South Carolina",76
"Chesterfield County, South Carolina",76
"Newberry County, South Carolina",75
"Williamsburg County, South Carolina",75
"Orangeburg County, South Carolina",75
"Fairfield County, South Carolina",75
"Lee County, South Carolina",75
"Darlington County, South Carolina",74
"Bamberg County, South Carolina",74
"Sumter County, South Carolina",74
"Allendale County, South Carolina",73
"Dillon County, South Carolina",73
"Union County, South Carolina",72
"Marlboro County, South Carolina",72
"Cherokee County, South Carolina",71
"Hutchinson County, South Dakota",103
"Custer County, South Dakota",96
"Pennington County, South Dakota",95
"Lincoln County, South Dakota",93
"Minnehaha County, South Dakota",90
"Meade County, South Dakota",89
"Lawrence County, South Dakota",89
"Union County, South Dakota",86
"Yankton County, South Dakota",85
"Stanley County, South Dakota",84
"Hughes County, South Dakota",83
"Codington County, South Dakota",83
"McCook County, South Dakota",83
"Lake County, South Dakota",83
"Brookings County, South Dakota",82
"Turner County, South Dakota",81
"Butte County, South Dakota",81
"Brown County, South Dakota",80
"Clay County, South Dakota",80
"Fall River County, South Dakota",79
"Davison County, South Dakota",79
"Sully County, South Dakota",79
"Hanson County, South Dakota",79
"Moody County, South Dakota",78
"Hamlin County, South Dakota",78
"Hand County, South Dakota",77
"Deuel County, South Dakota",77
"Edmunds County, South Dakota",77
"Kingsbury County, South Dakota",77
"Brule County, South Dakota",76
"Marshall County, South Dakota",76
"Harding County, South Dakota",76
"Grant County, South Dakota",76
"Beadle County, South Dakota",75
"Miner County, South Dakota",74
"Roberts County, South Dakota",74
"Day County, South Dakota",74
"Sanborn County, South Dakota",74
"Hyde County, South Dakota",74
"Jerauld County, South Dakota",74
"Clark County, South Dakota",73
"Bon Homme County, South Dakota",73
"Faulk County, South Dakota",73
"Potter County, South Dakota",72
"Tripp County, South Dakota",72
"Douglas County, South Dakota",72
"Walworth County, South Dakota",72
"Spink County, South Dakota",72
"Haakon County, South Dakota",72
"Jones County, South Dakota",72
"Lyman County, South Dakota",71
"Perkins County, South Dakota",71
"Aurora County, South Dakota",71
"Charles Mix County, South Dakota",71
"Bennett County, South Dakota",71
"Campbell County, South Dakota",71
"Ziebach County, South Dakota",71
"Gregory County, South Dakota",70
"Dewey County, South Dakota",70
"Jackson County, South Dakota",69
"McPherson County, South Dakota",69
"Mellette County, South Dakota",68
"Corson County, South Dakota",68
"Buffalo County, South Dakota",66
"Todd County, South Dakota",66
"Shannon County, South Dakota",63
"Williamson County, Tennessee",137
"Wilson County, Tennessee",109
"Davidson County, Tennessee",103
"Sumner County, Tennessee",101
"Rutherford County, Tennessee",100
"Maury County, Tennessee",100
"Fayette County, Tennessee",99
"Cheatham County, Tennessee",97
"Robertson County, Tennessee",96
"Dickson County, Tennessee",96
"Loudon County, Tennessee",93
"Cannon County, Tennessee",91
"Moore County, Tennessee",91
"Blount County, Tennessee",90
"Knox County, Tennessee",89
"Hamilton County, Tennessee",89
"Tipton County, Tennessee",88
"Sevier County, Tennessee",88
"Trousdale County, Tennessee",88
"Montgomery County, Tennessee",87
"Marshall County, Tennessee",86
"Smith County, Tennessee",86
"Hickman County, Tennessee",86
"Roane County, Tennessee",85
"Bedford County, Tennessee",85
"Macon County, Tennessee",85
"Meigs County, Tennessee",85
"Union County, Tennessee",84
"Jefferson County, Tennessee",84
"Shelby County, Tennessee",84
"Anderson County, Tennessee",84
"Bradley County, Tennessee",84
"Putnam County, Tennessee",84
"Washington County, Tennessee",84
"Sequatchie County, Tennessee",83
"Pickett County, Tennessee",83
"DeKalb County, Tennessee",83
"Stewart County, Tennessee",83
"Coffee County, Tennessee",83
"Grainger County, Tennessee",83
"Bledsoe County, Tennessee",83
"Madison County, Tennessee",82
"Marion County, Tennessee",82
"Humphreys County, Tennessee",82
"Cumberland County, Tennessee",82
"Hamblen County, Tennessee",82
"Lincoln County, Tennessee",81
"Houston County, Tennessee",81
"Chester County, Tennessee",81
"Monroe County, Tennessee",81
"Hawkins County, Tennessee",81
"Franklin County, Tennessee",80
"Sullivan County, Tennessee",80
"Giles County, Tennessee",80
"Carter County, Tennessee",79
"Lewis County, Tennessee",79
"Lawrence County, Tennessee",79
"Polk County, Tennessee",79
"Morgan County, Tennessee",79
"Perry County, Tennessee",79
"Henderson County, Tennessee",78
"Jackson County, Tennessee",78
"White County, Tennessee",78
"Overton County, Tennessee",78
"Campbell County, Tennessee",78
"Clay County, Tennessee",78
"Crockett County, Tennessee",78
"McMinn County, Tennessee",78
"Van Buren County, Tennessee",78
"Warren County, Tennessee",77
"Hardin County, Tennessee",77
"Rhea County, Tennessee",77
"Unicoi County, Tennessee",77
"Henry County, Tennessee",77
"Hancock County, Tennessee",77
"McNairy County, Tennessee",76
"Benton County, Tennessee",76
"Decatur County, Tennessee",76
"Claiborne County, Tennessee",76
"Cocke County, Tennessee",75
"Wayne County, Tennessee",75
"Grundy County, Tennessee",75
"Hardeman County, Tennessee",75
"Dyer County, Tennessee",75
"Gibson County, Tennessee",74
"Carroll County, Tennessee",74
"Scott County, Tennessee",74
"Fentress County, Tennessee",74
"Greene County, Tennessee",74
"Weakley County, Tennessee",74
"Obion County, Tennessee",74
"Lake County, Tennessee",73
"Haywood County, Tennessee",72
"Johnson County, Tennessee",72
"Lauderdale County, Tennessee",70
"Kendall County, Texas",120
"Travis County, Texas",119
"Rockwall County, Texas",114
"Collin County, Texas",111
"Parker County, Texas",110
"Wilson County, Texas",110
"Fort Bend County, Texas",109
"Hays County, Texas",108
"Comal County, Texas",108
"Denton County, Texas",108
"Williamson County, Texas",107
"Blanco County, Texas",107
"Hood County, Texas",106
"Somervell County, Texas",106
"Wise County, Texas",105
"Ellis County, Texas",105
"Bandera County, Texas",104
"Chambers County, Texas",104
"Gillespie County, Texas",103
"Austin County, Texas",103
"Kaufman County, Texas",103
"Tarrant County, Texas",102
"Dallas County, Texas",101
"Johnson County, Texas",101
"Guadalupe County, Texas",101
"Brazoria County, Texas",101
"Montgomery County, Texas",101
"Bastrop County, Texas",100
"Midland County, Texas",100
"Waller County, Texas",100
"Glasscock County, Texas",99
"Harris County, Texas",98
"Llano County, Texas",98
"Galveston County, Texas",96
"Goliad County, Texas",94
"Medina County, Texas",93
"Aransas County, Texas",92
"Burnet County, Texas",92
"Caldwell County, Texas",91
"Bexar County, Texas",91
"Brewster County, Texas",90
"Liberty County, Texas",90
"Brazos County, Texas",90
"Kerr County, Texas",90
"Lampasas County, Texas",90
"Mason County, Texas",89
"Washington County, Texas",88
"Roberts County, Texas",88
"Henderson County, Texas",88
"Ector County, Texas",88
"Hunt County, Texas",88
"Victoria County, Texas",88
"Walker County, Texas",88
"Randall County, Texas",87
"San Jacinto County, Texas",87
"Atascosa County, Texas",86
"Hartley County, Texas",86
"Grayson County, Texas",86
"Smith County, Texas",86
"Borden County, Texas",86
"Van Zandt County, Texas",85
"Fayette County, Texas",85
"Martin County, Texas",85
"Cooke County, Texas",85
"Live Oak County, Texas",85
"Hemphill County, Texas",85
"Andrews County, Texas",85
"San Patricio County, Texas",85
"Polk County, Texas",84
"Upshur County, Texas",84
"Franklin County, Texas",84
"Leon County, Texas",84
"Gregg County, Texas",84
"Panola County, Texas",84
"Rains County, Texas",84
"Hardin County, Texas",84
"Tom Green County, Texas",84
"Irion County, Texas",84
"Gaines County, Texas",84
"Jeff Davis County, Texas",83
"Nueces County, Texas",83
"Coryell County, Texas",83
"Nacogdoches County, Texas",83
"Webb County, Texas",83
"Wood County, Texas",83
"Archer County, Texas",83
"Bosque County, Texas",83
"Burleson County, Texas",83
"Jackson County, Texas",83
"Newton County, Texas",83
"Matagorda County, Texas",83
"Erath County, Texas",82
"Rusk County, Texas",82
"Colorado County, Texas",82
"Harrison County, Texas",82
"Grimes County, Texas",82
"Bowie County, Texas",82
"Lavaca County, Texas",82
"Maverick County, Texas",82
"McLennan County, Texas",82
"Summit County, Utah",164
"Morgan County, Utah",128
"Wasatch County, Utah",125
"Salt Lake County, Utah",117
"Utah County, Utah",113
"Davis County, Utah",111
"Tooele County, Utah",105
"Grand County, Utah",105
"Washington County, Utah",105
"Weber County, Utah",102
"Daggett County, Utah",102
"Cache County, Utah",100
"Box Elder County, Utah",99
"Uintah County, Utah",98
"Kane County, Utah",96
"Juab County, Utah",95
"Wayne County, Utah",95
"Sanpete County, Utah",94
"Duchesne County, Utah",93
"Iron County, Utah",93
"Rich County, Utah",93
"Sevier County, Utah",91
"Millard County, Utah",91
"Beaver County, Utah",89
"Piute County, Utah",89
"Emery County, Utah",89
"San Juan County, Utah",88
"Garfield County, Utah",84
"Carbon County, Utah",84
"Falls Church city County, Virginia",183
"Arlington County, Virginia",171
"Fairfax County, Virginia",153
"Alexandria city County, Virginia",152
"Loudoun County, Virginia",148
"Fairfax city County, Virginia",148
"Fauquier County, Virginia",133
"Rappahannock County, Virginia",127
"Prince William County, Virginia",126
"Stafford County, Virginia",126
"Manassas city County, Virginia",126
"Clarke County, Virginia",120
"Manassas Park city County, Virginia",115
"Spotsylvania County, Virginia",113
"Fredericksburg city County, Virginia",113
"James City County, Virginia",113
"Culpeper County, Virginia",112
"Poquoson city County, Virginia",112
"Albemarle County, Virginia",111
"Goochland County, Virginia",111
"York County, Virginia",109
"Chesapeake city County, Virginia",107
"Powhatan County, Virginia",106
"King George County, Virginia",106
"Virginia Beach city County, Virginia",106
"Isle of Wight County, Virginia",106
"New Kent County, Virginia",105
"Warren County, Virginia",105
"Charlottesville city County, Virginia",104
"Hanover County, Virginia",104
"Northumberland County, Virginia",104
"Mathews County, Virginia",103
"Frederick County, Virginia",103
"Gloucester County, Virginia",102
"Suffolk city County, Virginia",101
"Chesterfield County, Virginia",100
"Middlesex County, Virginia",99
"Greene County, Virginia",99
"Williamsburg city County, Virginia",99
"Orange County, Virginia",98
"Fluvanna County, Virginia",98
"Winchester city County, Virginia",98
"Henrico County, Virginia",98
"King William County, Virginia",97
"Louisa County, Virginia",96
"Lancaster County, Virginia",96
"Richmond city County, Virginia",95
"Amelia County, Virginia",95
"Botetourt County, Virginia",95
"Caroline County, Virginia",94
"Westmoreland County, Virginia",94
"Bedford County, Virginia",94
"Lexington city County, Virginia",94
"Nelson County, Virginia",94
"Prince George County, Virginia",93
"Madison County, Virginia",93
"Montgomery County, Virginia",93
"Augusta County, Virginia",93
"Newport News city County, Virginia",93
"Franklin County, Virginia",92
"Roanoke County, Virginia",92
"Surry County, Virginia",91
"Norfolk city County, Virginia",91
"Shenandoah County, Virginia",91
"Rockbridge County, Virginia",91
"Rockingham County, Virginia",91
"Essex County, Virginia",90
"Charles City County, Virginia",90
"Dinwiddie County, Virginia",90
"Portsmouth city County, Virginia",90
"King and Queen County, Virginia",90
"Southampton County, Virginia",89
"Appomattox County, Virginia",89
"Cumberland County, Virginia",89
"Franklin city County, Virginia",88
"Colonial Heights city County, Virginia",88
"Highland County, Virginia",88
"Hampton city County, Virginia",88
"Craig County, Virginia",88
"Salem city County, Virginia",87
"Harrisonburg city County, Virginia",87
"Floyd County, Virginia",87
"Amherst County, Virginia",86
"Campbell County, Virginia",86
"Buckingham County, Virginia",86
"Radford city County, Virginia",86
"Page County, Virginia",85
"Washington County, Virginia",85
"Northampton County, Virginia",85
"Richmond County, Virginia",85
"Bath County, Virginia",85
"Accomack County, Virginia",84
"Waynesboro city County, Virginia",84
"Sussex County, Virginia",83
"Staunton city County, Virginia",83
"Lynchburg city County, Virginia",82
"Nottoway County, Virginia",82
"Hopewell city County, Virginia",81
"Giles County, Virginia",81
"Pulaski County, Virginia",81
"Chittenden County, Vermont",114
"Grand Isle County, Vermont",108
"Addison County, Vermont",99
"Lamoille County, Vermont",98
"Franklin County, Vermont",97
"Washington County, Vermont",96
"Windsor County, Vermont",93
"Windham County, Vermont",92
"Orange County, Vermont",92
"Bennington County, Vermont",90
"Caledonia County, Vermont",88
"Rutland County, Vermont",87
"Orleans County, Vermont",87
"Essex County, Vermont",83
"King County, Washington",160
"San Juan County, Washington",144
"Snohomish County, Washington",131
"Skamania County, Washington",119
"Pierce County, Washington",119
"Clark County, Washington",119
"Kitsap County, Washington",119
"Whatcom County, Washington",118
"Island County, Washington",117
"Skagit County, Washington",115
"Jefferson County, Washington",115
"Thurston County, Washington",108
"Douglas County, Washington",106
"Benton County, Washington",105
"Chelan County, Washington",104
"Mason County, Washington",103
"Wahkiakum County, Washington",101
"Kittitas County, Washington",101
"Clallam County, Washington",101
"Cowlitz County, Washington",100
"Pend Oreille County, Washington",99
"Spokane County, Washington",98
"Franklin County, Washington",95
"Walla Walla County, Washington",94
"Whitman County, Washington",93
"Klickitat County, Washington",93
"Lewis County, Washington",93
"Stevens County, Washington",92
"Yakima County, Washington",92
"Asotin County, Washington",91
"Pacific County, Washington",90
"Columbia County, Washington",89
"Lincoln County, Washington",89
"Grays Harbor County, Washington",89
"Garfield County, Washington",87
"Okanogan County, Washington",86
"Ferry County, Washington",85
"Grant County, Washington",84
"Adams County, Washington",81
"Waukesha County, Wisconsin",110
"Ozaukee County, Wisconsin",110
"St. Croix County, Wisconsin",109
"Dane County, Wisconsin",104
"Washington County, Wisconsin",101
"Pierce County, Wisconsin",100
"Racine County, Wisconsin",98
"Columbia County, Wisconsin",93
"Jefferson County, Wisconsin",92
"Kenosha County, Wisconsin",92
"Walworth County, Wisconsin",91
"Milwaukee County, Wisconsin",91
"Sawyer County, Wisconsin",90
"Vilas County, Wisconsin",90
"Iowa County, Wisconsin",89
"Washburn County, Wisconsin",89
"Polk County, Wisconsin",89
"Calumet County, Wisconsin",89
"Door County, Wisconsin",89
"La Crosse County, Wisconsin",89
"Winnebago County, Wisconsin",89
"Outagamie County, Wisconsin",89
"Green County, Wisconsin",88
"Brown County, Wisconsin",88
"Pepin County, Wisconsin",88
"Oconto County, Wisconsin",88
"Buffalo County, Wisconsin",88
"Dunn County, Wisconsin",88
"Eau Claire County, Wisconsin",87
"Sheboygan County, Wisconsin",87
"Chippewa County, Wisconsin",86
"Douglas County, Wisconsin",86
"Marquette County, Wisconsin",86
"Portage County, Wisconsin",86
"Oneida County, Wisconsin",86
"Sauk County, Wisconsin",85
"Bayfield County, Wisconsin",85
"Burnett County, Wisconsin",85
"Trempealeau County, Wisconsin",85
"Dodge County, Wisconsin",85
"Kewaunee County, Wisconsin",85
"Monroe County, Wisconsin",84
"Marathon County, Wisconsin",84
"Waupaca County, Wisconsin",84
"Florence County, Wisconsin",84
"Barron County, Wisconsin",84
"Waushara County, Wisconsin",84
"Taylor County, Wisconsin",84
"Adams County, Wisconsin",83
"Fond du Lac County, Wisconsin",83
"Rock County, Wisconsin",83
"Richland County, Wisconsin",82
"Price County, Wisconsin",82
"Forest County, Wisconsin",82
"Vernon County, Wisconsin",82
"Lafayette County, Wisconsin",82
"Lincoln County, Wisconsin",82
"Crawford County, Wisconsin",82
"Clark County, Wisconsin",81
"Green Lake County, Wisconsin",80
"Rusk County, Wisconsin",80
"Shawano County, Wisconsin",80
"Iron County, Wisconsin",80
"Jackson County, Wisconsin",80
"Grant County, Wisconsin",79
"Langlade County, Wisconsin",79
"Wood County, Wisconsin",79
"Marinette County, Wisconsin",79
"Ashland County, Wisconsin",79
"Juneau County, Wisconsin",78
"Manitowoc County, Wisconsin",77
"Menominee County, Wisconsin",73
"Jefferson County, West Virginia",107
"Berkeley County, West Virginia",93
"Monongalia County, West Virginia",90
"Morgan County, West Virginia",87
"Putnam County, West Virginia",87
"Hampshire County, West Virginia",86
"Mineral County, West Virginia",83
"Grant County, West Virginia",82
"Clay County, West Virginia",82
"Preston County, West Virginia",80
"Monroe County, West Virginia",80
"Pendleton County, West Virginia",80
"Lincoln County, West Virginia",80
"Boone County, West Virginia",79
"Hardy County, West Virginia",79
"Kanawha County, West Virginia",79
"Pocahontas County, West Virginia",79
"Greenbrier County, West Virginia",78
"Doddridge County, West Virginia",78
"Jackson County, West Virginia",78
"Tucker County, West Virginia",78
"Upshur County, West Virginia",78
"Taylor County, West Virginia",78
"Braxton County, West Virginia",77
"Wirt County, West Virginia",77
"Cabell County, West Virginia",77
"Lewis County, West Virginia",77
"Wood County, West Virginia",77
"Wayne County, West Virginia",77
"Roane County, West Virginia",77
"Barbour County, West Virginia",77
"Nicholas County, West Virginia",77
"Marshall County, West Virginia",76
"Ohio County, West Virginia",76
"Marion County, West Virginia",76
"Pleasants County, West Virginia",76
"Hancock County, West Virginia",76
"Calhoun County, West Virginia",76
"Tyler County, West Virginia",75
"Brooke County, West Virginia",75
"Logan County, West Virginia",75
"Harrison County, West Virginia",75
"Summers County, West Virginia",75
"Randolph County, West Virginia",75
"Wetzel County, West Virginia",75
"Mingo County, West Virginia",75
"Raleigh County, West Virginia",75
"Fayette County, West Virginia",74
"Mason County, West Virginia",74
"Mercer County, West Virginia",74
"Wyoming County, West Virginia",74
"Gilmer County, West Virginia",74
"Ritchie County, West Virginia",73
"Webster County, West Virginia",72
"McDowell County, West Virginia",67
"Teton County, Wyoming",177
"Sublette County, Wyoming",108
"Johnson County, Wyoming",104
"Campbell County, Wyoming",103
"Crook County, Wyoming",103
"Park County, Wyoming",102
"Laramie County, Wyoming",101
"Converse County, Wyoming",101
"Sheridan County, Wyoming",98
"Natrona County, Wyoming",97
"Albany County, Wyoming",97
"Sweetwater County, Wyoming",96
"Fremont County, Wyoming",96
"Lincoln County, Wyoming",95
"Uinta County, Wyoming",92
"Platte County, Wyoming",92
"Goshen County, Wyoming",91
"Carbon County, Wyoming",90
"Weston County, Wyoming",90
"Washakie County, Wyoming",90
"Big Horn County, Wyoming",89
"Niobrara County, Wyoming",88
"Hot Springs County, Wyoming",87
